Domain,ResponseTime
yandex.ru,0.0672447681427002
NSU.ru,0.0050203800201416016
google.ru,0.0660085678100586
vk.com,0.06101202964782715
mail.google.com,0.061690568923950195
mechhub.ru,0.052007198333740234
youtube.com,0.15951204299926758
mail.ru,0.09401321411132812
twitch.tv,0.07001566886901855
github.com,0.09000968933105469
